Name, Key, Major, Number of Entry,
'Lukas','120960.01632960.072576.0483840.0816480.0816480.00.0362880.0','STEM','1'
